GENE,HGVS_C,HGVS_P,ANNOTATION,ANNOTATION IMPACT,CONTIG,CONTIG POS,REF/ALT,VAR FREQ NGS,VAR FREQ C90
CBDAS,c.221C>G,p.Thr74Ser,missense variant,moderate,contig1772,2082447,C/G,0.136,0.057
CBDAS,c.503A>G,p.Asn168Ser,missense variant,moderate,contig1772,2082729,A/G,0.024,0.062
CBDAS,c.587A>G,p.Asn196Ser,missense variant,moderate,contig1772,2082813,A/G,0.011,0.435
GPPs1,c.744C>G,p.Asp248Glu,missense variant,moderate,contig676,168993,C/G,0.022,0.000
PHL-2,c.1057A>G,p.Arg353Gly,missense variant,moderate,contig2621,340335,A/G,0.096,0.555
PHL-2,c.1096G>A,p.Ala366Thr,missense variant,moderate,contig2621,340374,G/A,0.090,0.531
PHL-2,c.2564T>A,p.Phe855Tyr,missense variant,moderate,contig2621,342607,T/A,0.064,0.732
PHL-2,c.2578T>A,p.Leu860Ile,missense variant,moderate,contig2621,342621,T/A,0.068,0.746
PHL-2,c.2624C>T,p.Ser875Phe,missense variant,moderate,contig2621,342667,C/T,0.042,0.268
PHL-2,c.2783G>A,p.Ser928Asn,missense variant,moderate,contig2621,342826,G/A,0.107,0.890
PHL-2,c.2830A>C,p.Asn944His,missense variant,moderate,contig2621,342873,A/C,0.044,0.000
PHL-2,c.2933G>T,p.Arg978Leu,missense variant,moderate,contig2621,342976,G/T,0.048,0.297
PHL-2,c.2936T>G,p.Val979Gly,missense variant,moderate,contig2621,342979,T/G,0.048,0.000
PHL-2,c.3209A>G,p.Gln1070Arg,missense variant,moderate,contig2621,343252,A/G,0.103,0.885
PHL-2,c.3467A>G,p.Gln1156Arg,missense variant,moderate,contig2621,343510,A/G,0.064,0.713
PKSG-4b,c.535_545delATTGGAGTGGG,p.Ile179fs,frameshift variant,high,contig700,2721127,CCCCACTCCAAT/C,0.105,0.000
PKSG-4b,c.523C>T,p.His175Tyr,missense variant,moderate,contig700,2721150,G/A,0.112,0.325
PKSG-4b,c.496A>G,p.Lys166Glu,missense variant,moderate,contig700,2721177,T/C,0.651,0.684
PKSG-4b,c.489delT,p.Phe163fs,frameshift variant,high,contig700,2721183,CA/C,0.792,0.761
PKSG-4b,c.485A>G,p.Lys162Arg,missense variant,moderate,contig700,2721188,T/C,0.643,0.301
PKSG-4b,c.431T>G,p.Val144Gly,missense variant,moderate,contig700,2721242,A/C,0.575,0.679
PKSG-4b,c.352_355delACAG,p.Thr118fs,frameshift variant,high,contig700,2721317,CCTGT/C,0.529,0.000
PKSG-4b,c.353_354insCC,p.Gly119fs,frameshift variant,high,contig700,2721319,T/TGG,0.175,0.000
PKSG-4b,c.323A>G,p.Glu108Gly,missense variant,moderate,contig700,2721350,T/C,0.469,0.000
PKSG-4b,c.238T>C,p.Phe80Leu,missense variant,moderate,contig700,2724197,A/G,0.013,0.000
PKSG-4b,c.229G>A,p.Gly77Ser,missense variant,moderate,contig700,2724206,C/T,0.042,0.000
PKSG-4b,c.216G>C,p.Leu72Phe,missense variant,moderate,contig700,2724219,C/G,0.044,0.000
PKSG-4b,c.206T>C,p.Leu69Ser,missense variant,moderate,contig700,2724229,A/G,0.044,0.000
DXR-2,c.431C>G,p.Ala144Gly,missense variant,moderate,contig380,287760,G/C,0.182,0.550
OAC-1,c.260C>G,p.Ser87Cys,missense variant,moderate,contig931,118104,G/C,0.053,0.000
FAD2-2,c.161T>A,p.Leu54His,missense variant,moderate,contig83,1803208,A/T,0.156,0.000
FAD2-2,c.127C>T,p.Arg43*,stop gained,high,contig83,1803242,G/A,0.000,0.000
ELF3,c.772A>G,p.Ser258Gly,missense variant,moderate,contig97,242478,A/G,0.112,0.000
ELF3,c.812G>C,p.Gly271Ala,missense variant,moderate,contig97,242518,G/C,0.114,0.938
ELF3,c.1366T>G,p.Leu456Val,missense variant,moderate,contig97,244197,T/G,0.015,0.000
ELF3,c.1435G>C,p.Ala479Pro,missense variant,moderate,contig97,244266,G/C,0.004,0.000
ELF3,c.1466G>A,p.Ser489Asn,missense variant,moderate,contig97,244297,G/A,0.123,0.000
ELF3,c.1630A>G,p.Thr544Ala,missense variant,moderate,contig97,244461,A/G,0.103,0.545
ELF3,c.1966C>G,p.Pro656Ala,missense variant,moderate,contig97,244797,C/G,0.123,0.632
ELF3,c.2198G>T,p.Arg733Leu,missense variant,moderate,contig97,245029,G/T,0.125,0.531
AAE1-2,c.331A>G,p.Asn111Asp,missense variant,moderate,contig81,209293,A/G,0.123,0.000
AAE1-2,c.409C>T,p.Arg137Cys,missense variant,moderate,contig81,209371,C/T,0.009,0.000
AAE1-2,c.1006A>G,p.Lys336Glu,missense variant,moderate,contig81,209968,A/G,0.116,0.000
AAE1-2,c.1102C>A,p.His368Asn,missense variant,moderate,contig81,210064,C/A,0.033,0.000
PHL-1,c.2623A>G,p.Thr875Ala,missense variant,moderate,contig1439,1487174,T/C,0.123,0.000
PHL-1,c.2551A>G,p.Thr851Ala,missense variant,moderate,contig1439,1487246,T/C,0.116,0.890
PHL-1,c.1387A>G,p.Thr463Ala,missense variant,moderate,contig1439,1489811,T/C,0.107,0.904
Edestin,c.40G>A,p.Ala14Thr,missense variant,moderate,contig850,3065250,C/T,0.011,0.000
Edestin,c.17C>T,p.Ser6Leu,missense variant,moderate,contig850,3065273,G/A,0.011,0.000
Edestin,c.16T>C,p.Ser6Pro,missense variant,moderate,contig850,3065274,A/G,0.059,0.000
PIE1-2,c.6653A>G,p.Asn2218Ser,missense variant,moderate,contig1460,1184434,T/C,0.059,0.928
AAE1-3,c.655C>T,p.Pro219Ser,missense variant,moderate,contig976,1083199,G/A,0.007,0.000
AAE1-3,c.635G>A,p.Gly212Asp,missense variant,moderate,contig976,1083219,C/T,0.007,0.000
AAE1-3,c.634G>C,p.Gly212Arg,missense variant,moderate,contig976,1083220,C/G,0.116,0.000
AAE1-3,c.416T>C,p.Leu139Pro,missense variant,moderate,contig976,1083609,A/G,0.061,0.000
AAE1-3,c.403G>T,p.Asp135Tyr,missense variant,moderate,contig976,1083622,C/A,0.007,0.000
AAE1-3,c.382T>C,p.Tyr128His,missense variant,moderate,contig976,1083643,A/G,0.072,0.000
AAE1-3,c.367C>T,p.Arg123Trp,missense variant,moderate,contig976,1083658,G/A,0.007,0.000
AAE1-3,c.293A>G,p.Asp98Gly,missense variant,moderate,contig976,1083732,T/C,0.068,0.000
AAE1-3,c.267T>G,p.His89Gln,missense variant,moderate,contig976,1083758,A/C,0.007,0.000
AAE1-3,c.224C>T,p.Pro75Leu,missense variant,moderate,contig976,1083851,G/A,0.007,0.000
AAE1-3,c.208G>C,p.Ala70Pro,missense variant,moderate,contig976,1083867,C/G,0.007,0.000
AAE1-3,c.167A>G,p.Glu56Gly,missense variant,moderate,contig976,1083908,T/C,0.070,0.000
AAE1-3,c.154G>A,p.Val52Ile,missense variant,moderate,contig976,1083921,C/T,0.007,0.000
AAE1-3,c.101A>G,p.Tyr34Cys,missense variant,moderate,contig976,1083974,T/C,0.007,0.000
AAE1-3,c.79A>G,p.Thr27Ala,missense variant,moderate,contig976,1083996,T/C,0.068,0.000
AAE1-3,c.12G>A,p.Met4Ile,missense variant,moderate,contig976,1084063,C/T,0.007,0.000
AAE1-3,c.11T>C,p.Met4Thr,missense variant,moderate,contig976,1084064,A/G,0.007,0.000
GGR,c.376G>C,p.Glu126Gln,missense variant,moderate,contig2282,549368,G/C,0.015,0.110
GGR,c.382C>T,p.Leu128Phe,missense variant,moderate,contig2282,549374,C/T,0.024,0.000
GGR,c.456T>A,p.His152Gln,missense variant,moderate,contig2282,549448,T/A,0.068,0.000
GGR,c.460G>A,p.Asp154Asn,missense variant,moderate,contig2282,549452,G/A,0.070,0.000
GGR,c.581C>T,p.Ala194Val,missense variant,moderate,contig2282,549573,C/T,0.015,0.105
GGR,c.704A>T,p.His235Leu,missense variant,moderate,contig2282,549696,A/T,0.121,0.000
PKSB-3,c.509T>C,p.Val170Ala,missense variant & splice region variant,moderate,contig93,3336743,T/C,0.011,0.000
PKSB-3,c.1490C>T,p.Ala497Val,missense variant,moderate,contig93,3339597,C/T,0.011,0.000
PKSB-3,c.1652A>G,p.Glu551Gly,missense variant,moderate,contig93,3339759,A/G,0.088,0.000
PKSB-3,c.1848G>A,p.Met616Ile,missense variant,moderate,contig93,3339955,G/A,0.009,0.000
